{
  "CLEF": {
    "dataset_name": "CLEF",
    "total_samples": 873,
    "models": [
      "Image2InChI",
      "DECIMER",
      "MolScribe",
      "MolScribe-P450"
    ],
    "model_performance": {
      "Image2InChI": {
        "validity": 0.7915234822451317,
        "perfect_match": 0.13631156930126,
        "inchikey_acc": 0.7709049255441008,
        "tanimoto_sim": 0.6732971928197226,
        "mcs_sim": 0.7206721880788748
      },
      "DECIMER": {
        "validity": 0.981672394043528,
        "perfect_match": 0.20847651775486828,
        "inchikey_acc": 0.8969072164948454,
        "tanimoto_sim": 0.9519817343344871,
        "mcs_sim": 0.9733887596256283
      },
      "MolScribe": {
        "validity": 0.995418098510882,
        "perfect_match": 0.2600229095074456,
        "inchikey_acc": 0.9736540664375716,
        "tanimoto_sim": 0.988850019273028,
        "mcs_sim": 0.9929620041707858
      },
      "MolScribe-P450": {
        "validity": 1.0,
        "perfect_match": 0.2565864833906071,
        "inchikey_acc": 0.9759450171821306,
        "tanimoto_sim": 0.9918350994821146,
        "mcs_sim": 0.9970505384241821
      }
    },
    "oracle_performance": {
      "validity": 1.0,
      "perfect_match": 0.2611683848797251,
      "inchikey_acc": 0.9873997709049256,
      "tanimoto_sim": 0.995535573432501,
      "mcs_sim": 0.9978970797178777
    },
    "potential_improvement": {
      "validity": {
        "best_score": 1.0,
        "oracle_score": 1.0,
        "improvement": 0.0,
        "improvement_pct": 0.0
      },
      "perfect_match": {
        "best_score": 0.2600229095074456,
        "oracle_score": 0.2611683848797251,
        "improvement": 0.001145475372279492,
        "improvement_pct": 0.44052863436123185
      },
      "inchikey_acc": {
        "best_score": 0.9759450171821306,
        "oracle_score": 0.9873997709049256,
        "improvement": 0.01145475372279503,
        "improvement_pct": 1.1737089201878006
      },
      "tanimoto_sim": {
        "best_score": 0.9918350994821146,
        "oracle_score": 0.995535573432501,
        "improvement": 0.003700473950386418,
        "improvement_pct": 0.3730936677194239
      },
      "mcs_sim": {
        "best_score": 0.9970505384241821,
        "oracle_score": 0.9978970797178777,
        "improvement": 0.0008465412936955463,
        "improvement_pct": 0.08490455208353705
      }
    },
    "status": "success"
  },
  "chemdraw": {
    "dataset_name": "chemdraw",
    "total_samples": 5704,
    "models": [
      "Image2InChI",
      "DECIMER",
      "MolScribe",
      "MolScribe-P450"
    ],
    "model_performance": {
      "Image2InChI": {
        "validity": 0.6221949509116409,
        "perfect_match": 0.08485273492286115,
        "inchikey_acc": 0.597124824684432,
        "tanimoto_sim": 0.5205176755124319,
        "mcs_sim": 0.5595559041013002
      },
      "DECIMER": {
        "validity": 0.9989481065918654,
        "perfect_match": 0.1667251051893408,
        "inchikey_acc": 0.9805399719495091,
        "tanimoto_sim": 0.9941704155073142,
        "mcs_sim": 0.995559235601165
      },
      "MolScribe": {
        "validity": 0.9891304347826086,
        "perfect_match": 0.16304347826086957,
        "inchikey_acc": 0.9512622720897616,
        "tanimoto_sim": 0.9789845983225539,
        "mcs_sim": 0.9814794146542806
      },
      "MolScribe-P450": {
        "validity": 0.9814165497896213,
        "perfect_match": 0.16129032258064516,
        "inchikey_acc": 0.9467040673211781,
        "tanimoto_sim": 0.973253468159266,
        "mcs_sim": 0.97472970525049
      }
    },
    "oracle_performance": {
      "validity": 1.0,
      "perfect_match": 0.16815711029282834,
      "inchikey_acc": 0.9900052603892688,
      "tanimoto_sim": 0.99810109513545,
      "mcs_sim": 0.9971678830094801
    },
    "potential_improvement": {
      "validity": {
        "best_score": 0.9989481065918654,
        "oracle_score": 1.0,
        "improvement": 0.0010518934081346076,
        "improvement_pct": 0.10530010530010184
      },
      "perfect_match": {
        "best_score": 0.1667251051893408,
        "oracle_score": 0.16815711029282834,
        "improvement": 0.001432005103487538,
        "improvement_pct": 0.8589019043420524
      },
      "inchikey_acc": {
        "best_score": 0.9805399719495091,
        "oracle_score": 0.9900052603892688,
        "improvement": 0.00946528843975969,
        "improvement_pct": 0.9653138791415925
      },
      "tanimoto_sim": {
        "best_score": 0.9941704155073142,
        "oracle_score": 0.99810109513545,
        "improvement": 0.003930679628135758,
        "improvement_pct": 0.39537282208603797
      },
      "mcs_sim": {
        "best_score": 0.995559235601165,
        "oracle_score": 0.9971678830094801,
        "improvement": 0.0016086474083151225,
        "improvement_pct": 0.16158228971114375
      }
    },
    "status": "success"
  },
  "acs": {
    "dataset_name": "acs",
    "total_samples": 268,
    "models": [
      "Image2InChI",
      "DECIMER",
      "MolScribe",
      "MolScribe-P450"
    ],
    "model_performance": {
      "Image2InChI": {
        "validity": 0.2537313432835821,
        "perfect_match": 0.048507462686567165,
        "inchikey_acc": 0.15298507462686567,
        "tanimoto_sim": 0.19215068917039846,
        "mcs_sim": 0.23069327778285306
      },
      "DECIMER": {
        "validity": 0.9738805970149254,
        "perfect_match": 0.10820895522388059,
        "inchikey_acc": 0.47388059701492535,
        "tanimoto_sim": 0.7408727030385633,
        "mcs_sim": 0.8610526083955385
      },
      "MolScribe": {
        "validity": 0.9701492537313433,
        "perfect_match": 0.23880597014925373,
        "inchikey_acc": 0.753731343283582,
        "tanimoto_sim": 0.8826087688214063,
        "mcs_sim": 0.935119395954062
      },
      "MolScribe-P450": {
        "validity": 0.9589552238805971,
        "perfect_match": 0.2537313432835821,
        "inchikey_acc": 0.8059701492537313,
        "tanimoto_sim": 0.8870846148120458,
        "mcs_sim": 0.9253707661636996
      }
    },
    "oracle_performance": {
      "validity": 1.0,
      "perfect_match": 0.27715355805243447,
      "inchikey_acc": 0.8764044943820225,
      "tanimoto_sim": 0.9474251928881624,
      "mcs_sim": 0.984804839522631
    },
    "potential_improvement": {
      "validity": {
        "best_score": 0.9738805970149254,
        "oracle_score": 1.0,
        "improvement": 0.026119402985074647,
        "improvement_pct": 2.681992337164753
      },
      "perfect_match": {
        "best_score": 0.2537313432835821,
        "oracle_score": 0.27715355805243447,
        "improvement": 0.023422214768852367,
        "improvement_pct": 9.231108173606522
      },
      "inchikey_acc": {
        "best_score": 0.8059701492537313,
        "oracle_score": 0.8764044943820225,
        "improvement": 0.07043434512829116,
        "improvement_pct": 8.739076154806497
      },
      "tanimoto_sim": {
        "best_score": 0.8870846148120458,
        "oracle_score": 0.9474251928881624,
        "improvement": 0.06034057807611659,
        "improvement_pct": 6.802122037580537
      },
      "mcs_sim": {
        "best_score": 0.935119395954062,
        "oracle_score": 0.984804839522631,
        "improvement": 0.049685443568568965,
        "improvement_pct": 5.313272699030806
      }
    },
    "status": "success"
  },
  "USPTO": {
    "dataset_name": "USPTO",
    "total_samples": 5633,
    "models": [
      "Image2InChI",
      "DECIMER",
      "MolScribe",
      "MolScribe-P450"
    ],
    "model_performance": {
      "Image2InChI": {
        "validity": 0.8368542517308717,
        "perfect_match": 0.11769927214628084,
        "inchikey_acc": 0.8198118231848038,
        "tanimoto_sim": 0.7086376773682976,
        "mcs_sim": 0.7571195583954791
      },
      "DECIMER": {
        "validity": 0.9824249955618676,
        "perfect_match": 0.09941416651872892,
        "inchikey_acc": 0.6989170956861352,